column1,column2
0.19783581513012927,0.6474325660984178
0.521163926374149,0.6703125738754774
0.38235281386502495,0.3386696955051325
0.935642481946695,0.5080666074213549
0.4707171263673535,0.5910478572468456
0.27685045315968526,0.3851523388057595
0.07450161779758158,0.2929734900258454
0.21985401898062085,0.496647234873123
0.7782761224484728,0.011350588976538067
0.4100921470210471,0.5744977126445698
